file,class_id,variation,style,attempts,verified_esbmc,verified_sanitizers
SAFE/SAFE_1761785161_858001_log_analyzer_io_bound.c,SAFE,log_analyzer,io_bound,1,1,1
SAFE/SAFE_1761785229_caa783_log_analyzer_io_bound.c,SAFE,log_analyzer,io_bound,1,0,1
SAFE/SAFE_1761785256_dcc23d_log_analyzer_monolithic_main.c,SAFE,log_analyzer,monolithic_main,2,0,1
SAFE/SAFE_1761785307_39d5de_log_analyzer_cpu_bound.c,SAFE,log_analyzer,cpu_bound,2,0,1
SAFE/SAFE_1761785335_72c3eb_parser_tokenizer_io_bound.c,SAFE,parser_tokenizer,io_bound,1,0,1
SAFE/SAFE_1761785363_7799f4_string_processing_struct_heavy.c,SAFE,string_processing,struct_heavy,1,0,1
SAFE/SAFE_1761785368_84445f_numeric_computation_loop_variants.c,SAFE,numeric_computation,loop_variants,1,1,1
SAFE/SAFE_1761785405_338a0f_graph_algorithms_recursion.c,SAFE,graph_algorithms,recursion,3,1,1
SAFE/SAFE_1761785431_8112e8_string_processing_monolithic_main.c,SAFE,string_processing,monolithic_main,1,0,1
SAFE/SAFE_1761785442_7b57c9_compression_stub_heap_stack_mix.c,SAFE,compression_stub,heap_stack_mix,2,0,1
SAFE/SAFE_1761785449_7cbe0a_numeric_computation_macros.c,SAFE,numeric_computation,macros,1,1,1
SAFE/SAFE_1761785459_f3986d_log_analyzer_io_bound.c,SAFE,log_analyzer,io_bound,3,0,1
SAFE/SAFE_1761785464_97866a_string_processing_io_bound.c,SAFE,string_processing,io_bound,1,0,1
SAFE/SAFE_1761785498_e4276a_graph_algorithms_pointer_arithmetic.c,SAFE,graph_algorithms,pointer_arithmetic,1,1,1
SAFE/SAFE_1761785524_177064_state_machine_enum_switch.c,SAFE,state_machine,enum_switch,1,1,1
SAFE/SAFE_1761785526_97f6ab_state_machine_modular_functions.c,SAFE,state_machine,modular_functions,1,0,1
SAFE/SAFE_1761785535_a8029b_string_processing_pointer_arithmetic.c,SAFE,string_processing,pointer_arithmetic,3,0,1
SAFE/SAFE_1761785573_94e429_parser_tokenizer_recursion.c,SAFE,parser_tokenizer,recursion,1,0,1
SAFE/SAFE_1761785603_da2b4b_compression_stub_cpu_bound.c,SAFE,compression_stub,cpu_bound,1,1,1
SAFE/SAFE_1761785619_1139ed_numeric_computation_cpu_bound.c,SAFE,numeric_computation,cpu_bound,1,1,1
SAFE/SAFE_1761785628_f4c1a9_string_processing_cpu_bound.c,SAFE,string_processing,cpu_bound,1,0,1
SAFE/SAFE_1761785634_1f59c0_compression_stub_modular_functions.c,SAFE,compression_stub,modular_functions,1,0,1
SAFE/SAFE_1761785654_8c167b_state_machine_cpu_bound.c,SAFE,state_machine,cpu_bound,3,0,1
SAFE/SAFE_1761785659_68ebad_compression_stub_pointer_arithmetic.c,SAFE,compression_stub,pointer_arithmetic,3,0,1
SAFE/SAFE_1761785676_715976_parser_tokenizer_macros.c,SAFE,parser_tokenizer,macros,1,0,1
SAFE/SAFE_1761785717_f5c802_string_processing_enum_switch.c,SAFE,string_processing,enum_switch,2,1,1
SAFE/SAFE_1761785783_1a56a7_state_machine_heap_stack_mix.c,SAFE,state_machine,heap_stack_mix,1,0,1
SAFE/SAFE_1761785898_cb9e57_graph_algorithms_recursion.c,SAFE,graph_algorithms,recursion,2,1,1
SAFE/SAFE_1761785898_e83aac_state_machine_io_bound.c,SAFE,state_machine,io_bound,1,0,1
SAFE/SAFE_1761785913_dbddfa_graph_algorithms_cpu_bound.c,SAFE,graph_algorithms,cpu_bound,3,1,1
SAFE/SAFE_1761785964_a250d3_log_analyzer_pointer_arithmetic.c,SAFE,log_analyzer,pointer_arithmetic,2,0,1
SAFE/SAFE_1761785969_744d95_state_machine_enum_switch.c,SAFE,state_machine,enum_switch,1,0,1
SAFE/SAFE_1761785990_066e03_log_analyzer_function_pointers.c,SAFE,log_analyzer,function_pointers,1,0,1
SAFE/SAFE_1761785992_5fe796_graph_algorithms_io_bound.c,SAFE,graph_algorithms,io_bound,3,1,1
SAFE/SAFE_1761786047_87bbf3_state_machine_modular_functions.c,SAFE,state_machine,modular_functions,3,1,1
SAFE/SAFE_1761786059_cc896f_state_machine_enum_switch.c,SAFE,state_machine,enum_switch,2,0,1
SAFE/SAFE_1761786093_e28696_numeric_computation_loop_variants.c,SAFE,numeric_computation,loop_variants,3,1,1
SAFE/SAFE_1761786098_beb156_log_analyzer_io_bound.c,SAFE,log_analyzer,io_bound,1,0,1
SAFE/SAFE_1761786100_a248e0_log_analyzer_function_pointers.c,SAFE,log_analyzer,function_pointers,2,0,1
SAFE/SAFE_1761786102_152d13_parser_tokenizer_loop_variants.c,SAFE,parser_tokenizer,loop_variants,1,0,1
SAFE/SAFE_1761786187_e52425_string_processing_pointer_arithmetic.c,SAFE,string_processing,pointer_arithmetic,1,0,1
SAFE/SAFE_1761786195_788bf6_log_analyzer_function_pointers.c,SAFE,log_analyzer,function_pointers,1,1,1
SAFE/SAFE_1761786206_42018c_compression_stub_monolithic_main.c,SAFE,compression_stub,monolithic_main,2,1,1
SAFE/SAFE_1761786219_b7fb83_graph_algorithms_macros.c,SAFE,graph_algorithms,macros,2,1,1
SAFE/SAFE_1761786219_4f3106_log_analyzer_recursion.c,SAFE,log_analyzer,recursion,2,0,1
SAFE/SAFE_1761786282_8a5beb_string_processing_loop_variants.c,SAFE,string_processing,loop_variants,1,0,1
SAFE/SAFE_1761786301_d757e6_state_machine_macros.c,SAFE,state_machine,macros,1,0,1
SAFE/SAFE_1761786329_ebd770_matrix_ops_pointer_arithmetic.c,SAFE,matrix_ops,pointer_arithmetic,1,0,1
SAFE/SAFE_1761786345_5f1b36_string_processing_io_bound.c,SAFE,string_processing,io_bound,2,0,1
SAFE/SAFE_1761786360_6db989_string_processing_function_pointers.c,SAFE,string_processing,function_pointers,2,1,1
SAFE/SAFE_1761786377_fd6bad_compression_stub_macros.c,SAFE,compression_stub,macros,2,0,1
SAFE/SAFE_1761786380_79485d_graph_algorithms_recursion.c,SAFE,graph_algorithms,recursion,2,1,1
SAFE/SAFE_1761786411_cdcc0b_compression_stub_loop_variants.c,SAFE,compression_stub,loop_variants,2,0,1
SAFE/SAFE_1761786430_5bf4f2_numeric_computation_function_pointers.c,SAFE,numeric_computation,function_pointers,2,1,1
SAFE/SAFE_1761786460_d4e573_compression_stub_loop_variants.c,SAFE,compression_stub,loop_variants,1,0,1
SAFE/SAFE_1761786467_6e2a28_log_analyzer_io_bound.c,SAFE,log_analyzer,io_bound,1,0,1
SAFE/SAFE_1761786481_89ef76_string_processing_cpu_bound.c,SAFE,string_processing,cpu_bound,1,0,1
SAFE/SAFE_1761786503_a9cbd7_numeric_computation_cpu_bound.c,SAFE,numeric_computation,cpu_bound,1,1,1
SAFE/SAFE_1761786516_002524_numeric_computation_function_pointers.c,SAFE,numeric_computation,function_pointers,1,1,1
SAFE/SAFE_1761786550_747a34_log_analyzer_recursion.c,SAFE,log_analyzer,recursion,1,1,1
SAFE/SAFE_1761786623_ccefba_numeric_computation_monolithic_main.c,SAFE,numeric_computation,monolithic_main,3,1,1
SAFE/SAFE_1761786655_eff555_compression_stub_loop_variants.c,SAFE,compression_stub,loop_variants,1,0,1
SAFE/SAFE_1761786743_26b52d_log_analyzer_modular_functions.c,SAFE,log_analyzer,modular_functions,2,0,1
SAFE/SAFE_1761786747_54394c_string_processing_io_bound.c,SAFE,string_processing,io_bound,1,0,1
SAFE/SAFE_1761786788_9217b9_string_processing_enum_switch.c,SAFE,string_processing,enum_switch,1,1,1
SAFE/SAFE_1761786838_9e3377_numeric_computation_io_bound.c,SAFE,numeric_computation,io_bound,2,0,1
SAFE/SAFE_1761786891_ec3c82_state_machine_modular_functions.c,SAFE,state_machine,modular_functions,1,0,1
SAFE/SAFE_1761786937_95aeb3_string_processing_monolithic_main.c,SAFE,string_processing,monolithic_main,1,0,1
SAFE/SAFE_1761786941_3983b6_log_analyzer_enum_switch.c,SAFE,log_analyzer,enum_switch,1,1,1
SAFE/SAFE_1761786943_873cd6_state_machine_modular_functions.c,SAFE,state_machine,modular_functions,1,0,1
SAFE/SAFE_1761786979_a85e9b_matrix_ops_recursion.c,SAFE,matrix_ops,recursion,1,1,1
SAFE/SAFE_1761786999_56b9e1_graph_algorithms_monolithic_main.c,SAFE,graph_algorithms,monolithic_main,2,1,1
SAFE/SAFE_1761787021_50cfc8_compression_stub_function_pointers.c,SAFE,compression_stub,function_pointers,3,0,1
SAFE/SAFE_1761787024_e6bf31_string_processing_loop_variants.c,SAFE,string_processing,loop_variants,1,0,1
SAFE/SAFE_1761787124_505a80_state_machine_macros.c,SAFE,state_machine,macros,1,0,1
SAFE/SAFE_1761787144_1946cc_string_processing_cpu_bound.c,SAFE,string_processing,cpu_bound,3,0,1
SAFE/SAFE_1761787154_164951_state_machine_modular_functions.c,SAFE,state_machine,modular_functions,1,0,1
SAFE/SAFE_1761787231_bb9819_state_machine_heap_stack_mix.c,SAFE,state_machine,heap_stack_mix,1,0,1
SAFE/SAFE_1761787256_165daf_state_machine_cpu_bound.c,SAFE,state_machine,cpu_bound,1,0,1
SAFE/SAFE_1761787258_d18d54_string_processing_cpu_bound.c,SAFE,string_processing,cpu_bound,2,0,1
SAFE/SAFE_1761787293_0964a6_compression_stub_pointer_arithmetic.c,SAFE,compression_stub,pointer_arithmetic,1,1,1
SAFE/SAFE_1761787297_03897b_log_analyzer_modular_functions.c,SAFE,log_analyzer,modular_functions,2,0,1
SAFE/SAFE_1761787303_4d08ea_graph_algorithms_monolithic_main.c,SAFE,graph_algorithms,monolithic_main,1,1,1
SAFE/SAFE_1761787310_ad306e_log_analyzer_modular_functions.c,SAFE,log_analyzer,modular_functions,2,0,1
SAFE/SAFE_1761787330_d0dd3b_compression_stub_monolithic_main.c,SAFE,compression_stub,monolithic_main,1,0,1
SAFE/SAFE_1761787340_52e22c_log_analyzer_cpu_bound.c,SAFE,log_analyzer,cpu_bound,3,0,1
SAFE/SAFE_1761787347_77326f_state_machine_heap_stack_mix.c,SAFE,state_machine,heap_stack_mix,3,0,1
SAFE/SAFE_1761787374_585627_matrix_ops_recursion.c,SAFE,matrix_ops,recursion,1,1,1
SAFE/SAFE_1761787389_4289f8_log_analyzer_function_pointers.c,SAFE,log_analyzer,function_pointers,1,1,1
SAFE/SAFE_1761787403_e6ae23_state_machine_modular_functions.c,SAFE,state_machine,modular_functions,1,0,1
SAFE/SAFE_1761787403_1a8df2_state_machine_cpu_bound.c,SAFE,state_machine,cpu_bound,1,0,1
SAFE/SAFE_1761787403_f8db16_numeric_computation_recursion.c,SAFE,numeric_computation,recursion,1,0,1
SAFE/SAFE_1761787455_565613_parser_tokenizer_enum_switch.c,SAFE,parser_tokenizer,enum_switch,1,0,1
SAFE/SAFE_1761787456_05c74e_compression_stub_macros.c,SAFE,compression_stub,macros,1,1,1
SAFE/SAFE_1761787459_331b8d_compression_stub_struct_heavy.c,SAFE,compression_stub,struct_heavy,2,0,1
SAFE/SAFE_1761787499_29f7d5_matrix_ops_cpu_bound.c,SAFE,matrix_ops,cpu_bound,1,1,1
SAFE/SAFE_1761787505_2af3d1_matrix_ops_function_pointers.c,SAFE,matrix_ops,function_pointers,1,1,1
SAFE/SAFE_1761787551_4f649f_graph_algorithms_io_bound.c,SAFE,graph_algorithms,io_bound,1,1,1
SAFE/SAFE_1761787553_6c1783_string_processing_io_bound.c,SAFE,string_processing,io_bound,3,0,1
SAFE/SAFE_1761787560_82cb7e_string_processing_modular_functions.c,SAFE,string_processing,modular_functions,1,0,1
SAFE/SAFE_1761787597_4941db_log_analyzer_monolithic_main.c,SAFE,log_analyzer,monolithic_main,1,1,1
SAFE/SAFE_1761787634_c25671_state_machine_cpu_bound.c,SAFE,state_machine,cpu_bound,1,1,1
SAFE/SAFE_1761787637_14157c_graph_algorithms_cpu_bound.c,SAFE,graph_algorithms,cpu_bound,2,1,1
SAFE/SAFE_1761787647_b38319_log_analyzer_cpu_bound.c,SAFE,log_analyzer,cpu_bound,3,0,1
SAFE/SAFE_1761787700_da38e7_string_processing_cpu_bound.c,SAFE,string_processing,cpu_bound,2,0,1
SAFE/SAFE_1761787730_34faf2_state_machine_macros.c,SAFE,state_machine,macros,1,0,1
SAFE/SAFE_1761787730_156a70_state_machine_cpu_bound.c,SAFE,state_machine,cpu_bound,1,1,1
SAFE/SAFE_1761787740_007e67_state_machine_macros.c,SAFE,state_machine,macros,1,0,1
SAFE/SAFE_1761787852_6898de_state_machine_function_pointers.c,SAFE,state_machine,function_pointers,2,1,1
SAFE/SAFE_1761787854_a3007e_compression_stub_loop_variants.c,SAFE,compression_stub,loop_variants,2,0,1
SAFE/SAFE_1761787889_777f2c_numeric_computation_heap_stack_mix.c,SAFE,numeric_computation,heap_stack_mix,1,1,1
SAFE/SAFE_1761787891_0bc6bc_graph_algorithms_cpu_bound.c,SAFE,graph_algorithms,cpu_bound,1,1,1
SAFE/SAFE_1761787926_accbea_log_analyzer_pointer_arithmetic.c,SAFE,log_analyzer,pointer_arithmetic,2,0,1
SAFE/SAFE_1761787938_bdeaab_string_processing_loop_variants.c,SAFE,string_processing,loop_variants,2,0,1
SAFE/SAFE_1761787963_c42a28_log_analyzer_cpu_bound.c,SAFE,log_analyzer,cpu_bound,3,0,1
SAFE/SAFE_1761787975_914cb3_log_analyzer_function_pointers.c,SAFE,log_analyzer,function_pointers,3,1,1
SAFE/SAFE_1761787994_3864aa_compression_stub_io_bound.c,SAFE,compression_stub,io_bound,1,0,1
SAFE/SAFE_1761788031_174747_log_analyzer_heap_stack_mix.c,SAFE,log_analyzer,heap_stack_mix,1,0,1
SAFE/SAFE_1761788041_1b669d_log_analyzer_cpu_bound.c,SAFE,log_analyzer,cpu_bound,1,0,1
SAFE/SAFE_1761788055_cb5a34_numeric_computation_heap_stack_mix.c,SAFE,numeric_computation,heap_stack_mix,2,1,1
SAFE/SAFE_1761788076_684da7_matrix_ops_function_pointers.c,SAFE,matrix_ops,function_pointers,1,1,1
SAFE/SAFE_1761788089_f9f7ee_state_machine_function_pointers.c,SAFE,state_machine,function_pointers,1,0,1
SAFE/SAFE_1761788091_664a6a_parser_tokenizer_cpu_bound.c,SAFE,parser_tokenizer,cpu_bound,1,0,1
SAFE/SAFE_1761788163_de484a_log_analyzer_function_pointers.c,SAFE,log_analyzer,function_pointers,1,0,1
SAFE/SAFE_1761788169_d9fa56_state_machine_io_bound.c,SAFE,state_machine,io_bound,1,0,1
SAFE/SAFE_1761788191_54de8e_log_analyzer_cpu_bound.c,SAFE,log_analyzer,cpu_bound,1,0,1
SAFE/SAFE_1761788196_280e18_state_machine_io_bound.c,SAFE,state_machine,io_bound,1,1,1
SAFE/SAFE_1761788198_cba71c_numeric_computation_io_bound.c,SAFE,numeric_computation,io_bound,1,0,1
SAFE/SAFE_1761788239_53f188_graph_algorithms_cpu_bound.c,SAFE,graph_algorithms,cpu_bound,1,1,1
SAFE/SAFE_1761788265_f206a9_numeric_computation_cpu_bound.c,SAFE,numeric_computation,cpu_bound,2,1,1
SAFE/SAFE_1761788311_580ed6_string_processing_cpu_bound.c,SAFE,string_processing,cpu_bound,2,0,1
SAFE/SAFE_1761788315_f7dd9b_string_processing_macros.c,SAFE,string_processing,macros,1,0,1
SAFE/SAFE_1761788345_ac259e_string_processing_heap_stack_mix.c,SAFE,string_processing,heap_stack_mix,1,0,1
SAFE/SAFE_1761788379_345645_string_processing_heap_stack_mix.c,SAFE,string_processing,heap_stack_mix,3,0,1
SAFE/SAFE_1761788399_c2dac3_state_machine_function_pointers.c,SAFE,state_machine,function_pointers,2,0,1
SAFE/SAFE_1761788450_fde739_log_analyzer_recursion.c,SAFE,log_analyzer,recursion,1,1,1
SAFE/SAFE_1761788487_f4804c_log_analyzer_monolithic_main.c,SAFE,log_analyzer,monolithic_main,3,0,1
SAFE/SAFE_1761788548_125146_compression_stub_io_bound.c,SAFE,compression_stub,io_bound,1,0,1
SAFE/SAFE_1761788549_121603_log_analyzer_enum_switch.c,SAFE,log_analyzer,enum_switch,2,0,1
SAFE/SAFE_1761788575_31d575_numeric_computation_modular_functions.c,SAFE,numeric_computation,modular_functions,1,1,1
SAFE/SAFE_1761788607_000bda_compression_stub_modular_functions.c,SAFE,compression_stub,modular_functions,2,1,1
SAFE/SAFE_1761788611_e8413f_string_processing_cpu_bound.c,SAFE,string_processing,cpu_bound,2,0,1
SAFE/SAFE_1761788636_08d1ea_state_machine_macros.c,SAFE,state_machine,macros,3,0,1
SAFE/SAFE_1761788660_3e7a6f_compression_stub_enum_switch.c,SAFE,compression_stub,enum_switch,1,1,1
SAFE/SAFE_1761788707_d6af75_graph_algorithms_pointer_arithmetic.c,SAFE,graph_algorithms,pointer_arithmetic,1,0,1
SAFE/SAFE_1761788725_6e0279_graph_algorithms_pointer_arithmetic.c,SAFE,graph_algorithms,pointer_arithmetic,2,1,1
SAFE/SAFE_1761788769_e3f6e0_string_processing_modular_functions.c,SAFE,string_processing,modular_functions,1,0,1
SAFE/SAFE_1761788817_c2cdcb_compression_stub_macros.c,SAFE,compression_stub,macros,3,0,1
SAFE/SAFE_1761788828_8deaef_matrix_ops_loop_variants.c,SAFE,matrix_ops,loop_variants,2,1,1
SAFE/SAFE_1761788828_d68ac0_compression_stub_function_pointers.c,SAFE,compression_stub,function_pointers,1,0,1
SAFE/SAFE_1761788862_240890_compression_stub_io_bound.c,SAFE,compression_stub,io_bound,2,0,1
SAFE/SAFE_1761788896_ef16c5_string_processing_function_pointers.c,SAFE,string_processing,function_pointers,1,1,1
SAFE/SAFE_1761788905_0a761e_parser_tokenizer_macros.c,SAFE,parser_tokenizer,macros,2,0,1
SAFE/SAFE_1761788926_957d0e_parser_tokenizer_enum_switch.c,SAFE,parser_tokenizer,enum_switch,1,0,1
SAFE/SAFE_1761788938_7c1a94_log_analyzer_enum_switch.c,SAFE,log_analyzer,enum_switch,1,0,1
SAFE/SAFE_1761788938_2d462c_compression_stub_heap_stack_mix.c,SAFE,compression_stub,heap_stack_mix,1,0,1
SAFE/SAFE_1761788951_c512e4_numeric_computation_heap_stack_mix.c,SAFE,numeric_computation,heap_stack_mix,1,1,1
SAFE/SAFE_1761789038_77e7c1_graph_algorithms_recursion.c,SAFE,graph_algorithms,recursion,1,0,1
SAFE/SAFE_1761789041_59c253_compression_stub_recursion.c,SAFE,compression_stub,recursion,1,0,1
SAFE/SAFE_1761789054_9e842c_state_machine_monolithic_main.c,SAFE,state_machine,monolithic_main,2,0,1
SAFE/SAFE_1761789127_338117_string_processing_pointer_arithmetic.c,SAFE,string_processing,pointer_arithmetic,1,0,1
SAFE/SAFE_1761789130_6663ad_state_machine_io_bound.c,SAFE,state_machine,io_bound,1,0,1
SAFE/SAFE_1761789139_d5d32b_graph_algorithms_recursion.c,SAFE,graph_algorithms,recursion,3,1,1
SAFE/SAFE_1761789148_b24f1d_numeric_computation_recursion.c,SAFE,numeric_computation,recursion,1,0,1
SAFE/SAFE_1761789166_298a38_log_analyzer_io_bound.c,SAFE,log_analyzer,io_bound,1,1,1
SAFE/SAFE_1761789166_752ed9_numeric_computation_io_bound.c,SAFE,numeric_computation,io_bound,1,0,1
SAFE/SAFE_1761789170_c34397_numeric_computation_modular_functions.c,SAFE,numeric_computation,modular_functions,2,1,1
SAFE/SAFE_1761789178_d95036_string_processing_function_pointers.c,SAFE,string_processing,function_pointers,1,1,1
SAFE/SAFE_1761789202_d592cb_compression_stub_pointer_arithmetic.c,SAFE,compression_stub,pointer_arithmetic,1,1,1
SAFE/SAFE_1761789226_0bb385_string_processing_struct_heavy.c,SAFE,string_processing,struct_heavy,1,1,1
SAFE/SAFE_1761789236_26c7aa_log_analyzer_heap_stack_mix.c,SAFE,log_analyzer,heap_stack_mix,1,0,1
SAFE/SAFE_1761789254_660241_compression_stub_macros.c,SAFE,compression_stub,macros,1,1,1
SAFE/SAFE_1761789279_8b8f1d_graph_algorithms_cpu_bound.c,SAFE,graph_algorithms,cpu_bound,1,1,1
SAFE/SAFE_1761789340_ffdbd6_parser_tokenizer_cpu_bound.c,SAFE,parser_tokenizer,cpu_bound,1,0,1
SAFE/SAFE_1761789342_28a9bc_string_processing_modular_functions.c,SAFE,string_processing,modular_functions,3,0,1
SAFE/SAFE_1761789357_e9cf0a_parser_tokenizer_monolithic_main.c,SAFE,parser_tokenizer,monolithic_main,1,0,1
SAFE/SAFE_1761789359_ada9ec_matrix_ops_cpu_bound.c,SAFE,matrix_ops,cpu_bound,2,1,1
SAFE/SAFE_1761789389_ba533e_matrix_ops_struct_heavy.c,SAFE,matrix_ops,struct_heavy,1,1,1
SAFE/SAFE_1761789509_2d7bdd_log_analyzer_cpu_bound.c,SAFE,log_analyzer,cpu_bound,3,0,1
SAFE/SAFE_1761789594_ae8c49_log_analyzer_monolithic_main.c,SAFE,log_analyzer,monolithic_main,2,1,1
SAFE/SAFE_1761789626_372a06_compression_stub_function_pointers.c,SAFE,compression_stub,function_pointers,3,1,1
SAFE/SAFE_1761789653_c4d504_state_machine_loop_variants.c,SAFE,state_machine,loop_variants,2,0,1
SAFE/SAFE_1761789662_b73559_state_machine_pointer_arithmetic.c,SAFE,state_machine,pointer_arithmetic,2,0,1
SAFE/SAFE_1761789698_934c01_log_analyzer_cpu_bound.c,SAFE,log_analyzer,cpu_bound,1,0,1
SAFE/SAFE_1761789704_1b15ca_parser_tokenizer_loop_variants.c,SAFE,parser_tokenizer,loop_variants,2,0,1
SAFE/SAFE_1761789757_042542_string_processing_io_bound.c,SAFE,string_processing,io_bound,1,0,1
SAFE/SAFE_1761789761_967ae4_state_machine_loop_variants.c,SAFE,state_machine,loop_variants,1,0,1
SAFE/SAFE_1761789815_d3ab8f_compression_stub_recursion.c,SAFE,compression_stub,recursion,1,1,1
SAFE/SAFE_1761789829_e2c2e6_string_processing_struct_heavy.c,SAFE,string_processing,struct_heavy,1,1,1
SAFE/SAFE_1761789839_354cfb_state_machine_recursion.c,SAFE,state_machine,recursion,2,0,1
SAFE/SAFE_1761789913_8267aa_state_machine_io_bound.c,SAFE,state_machine,io_bound,1,0,1
SAFE/SAFE_1761790026_95837f_compression_stub_io_bound.c,SAFE,compression_stub,io_bound,3,0,1
SAFE/SAFE_1761790107_a970d6_state_machine_cpu_bound.c,SAFE,state_machine,cpu_bound,1,1,1
SAFE/SAFE_1761790127_647ef1_parser_tokenizer_io_bound.c,SAFE,parser_tokenizer,io_bound,1,0,1
SAFE/SAFE_1761790131_590954_state_machine_modular_functions.c,SAFE,state_machine,modular_functions,2,0,1
SAFE/SAFE_1761790140_9d9c90_state_machine_monolithic_main.c,SAFE,state_machine,monolithic_main,3,0,1
SAFE/SAFE_1761790149_96d2ce_graph_algorithms_loop_variants.c,SAFE,graph_algorithms,loop_variants,1,1,1
SAFE/SAFE_1761790163_3d6293_graph_algorithms_recursion.c,SAFE,graph_algorithms,recursion,1,1,1
SAFE/SAFE_1761790164_dbf413_matrix_ops_recursion.c,SAFE,matrix_ops,recursion,1,1,1
SAFE/SAFE_1761790204_292cc2_state_machine_enum_switch.c,SAFE,state_machine,enum_switch,1,0,1
SAFE/SAFE_1761790243_58181b_string_processing_heap_stack_mix.c,SAFE,string_processing,heap_stack_mix,1,0,1
SAFE/SAFE_1761790248_859ded_numeric_computation_cpu_bound.c,SAFE,numeric_computation,cpu_bound,1,1,1
SAFE/SAFE_1761790288_167202_state_machine_function_pointers.c,SAFE,state_machine,function_pointers,1,0,1
SAFE/SAFE_1761790291_f42be9_parser_tokenizer_enum_switch.c,SAFE,parser_tokenizer,enum_switch,3,0,1
SAFE/SAFE_1761790292_2b5cb7_string_processing_loop_variants.c,SAFE,string_processing,loop_variants,1,0,1
SAFE/SAFE_1761790360_3a607a_log_analyzer_struct_heavy.c,SAFE,log_analyzer,struct_heavy,1,0,1
SAFE/SAFE_1761790420_f4d676_log_analyzer_pointer_arithmetic.c,SAFE,log_analyzer,pointer_arithmetic,2,0,1
SAFE/SAFE_1761790430_6b6667_string_processing_loop_variants.c,SAFE,string_processing,loop_variants,2,0,1
SAFE/SAFE_1761790446_ef714e_state_machine_enum_switch.c,SAFE,state_machine,enum_switch,1,0,1
SAFE/SAFE_1761790472_cdadce_numeric_computation_loop_variants.c,SAFE,numeric_computation,loop_variants,3,1,1
SAFE/SAFE_1761790484_172a89_graph_algorithms_loop_variants.c,SAFE,graph_algorithms,loop_variants,1,1,1
SAFE/SAFE_1761790550_d158fd_numeric_computation_heap_stack_mix.c,SAFE,numeric_computation,heap_stack_mix,2,1,1
SAFE/SAFE_1761790559_95d593_graph_algorithms_loop_variants.c,SAFE,graph_algorithms,loop_variants,2,1,1
SAFE/SAFE_1761790562_da1dc0_log_analyzer_cpu_bound.c,SAFE,log_analyzer,cpu_bound,2,1,1
SAFE/SAFE_1761790576_498af8_log_analyzer_monolithic_main.c,SAFE,log_analyzer,monolithic_main,1,0,1
SAFE/SAFE_1761790715_7907a7_string_processing_modular_functions.c,SAFE,string_processing,modular_functions,2,0,1
SAFE/SAFE_1761790784_183e4d_state_machine_recursion.c,SAFE,state_machine,recursion,2,0,1
SAFE/SAFE_1761790819_bf4054_state_machine_io_bound.c,SAFE,state_machine,io_bound,1,0,1
SAFE/SAFE_1761790864_0557c3_log_analyzer_pointer_arithmetic.c,SAFE,log_analyzer,pointer_arithmetic,2,0,1
SAFE/SAFE_1761790880_6e89e5_matrix_ops_pointer_arithmetic.c,SAFE,matrix_ops,pointer_arithmetic,2,0,1
SAFE/SAFE_1761790894_b4a803_string_processing_recursion.c,SAFE,string_processing,recursion,1,0,1
SAFE/SAFE_1761790905_c2922d_log_analyzer_recursion.c,SAFE,log_analyzer,recursion,1,1,1
SAFE/SAFE_1761790920_118c57_log_analyzer_pointer_arithmetic.c,SAFE,log_analyzer,pointer_arithmetic,1,0,1
SAFE/SAFE_1761790945_75b0c5_numeric_computation_cpu_bound.c,SAFE,numeric_computation,cpu_bound,1,1,1
SAFE/SAFE_1761790962_046f98_state_machine_pointer_arithmetic.c,SAFE,state_machine,pointer_arithmetic,2,0,1
SAFE/SAFE_1761790981_1c1b27_matrix_ops_recursion.c,SAFE,matrix_ops,recursion,1,1,1
SAFE/SAFE_1761790986_67b18a_log_analyzer_cpu_bound.c,SAFE,log_analyzer,cpu_bound,1,0,1
SAFE/SAFE_1761790995_5534ec_state_machine_recursion.c,SAFE,state_machine,recursion,1,0,1
SAFE/SAFE_1761791025_b985dc_state_machine_recursion.c,SAFE,state_machine,recursion,1,0,1
SAFE/SAFE_1761791048_336f36_state_machine_pointer_arithmetic.c,SAFE,state_machine,pointer_arithmetic,3,0,1
SAFE/SAFE_1761791056_51d8cf_graph_algorithms_io_bound.c,SAFE,graph_algorithms,io_bound,2,1,1
SAFE/SAFE_1761791073_7273aa_graph_algorithms_pointer_arithmetic.c,SAFE,graph_algorithms,pointer_arithmetic,1,1,1
SAFE/SAFE_1761791082_242fe9_string_processing_recursion.c,SAFE,string_processing,recursion,1,0,1
SAFE/SAFE_1761791110_050583_log_analyzer_monolithic_main.c,SAFE,log_analyzer,monolithic_main,2,0,1
SAFE/SAFE_1761791121_c9394f_graph_algorithms_io_bound.c,SAFE,graph_algorithms,io_bound,1,1,1
SAFE/SAFE_1761791122_32d8c6_numeric_computation_modular_functions.c,SAFE,numeric_computation,modular_functions,2,1,1
SAFE/SAFE_1761791148_f194b2_state_machine_cpu_bound.c,SAFE,state_machine,cpu_bound,1,0,1
SAFE/SAFE_1761791175_d71e65_string_processing_pointer_arithmetic.c,SAFE,string_processing,pointer_arithmetic,1,1,1
SAFE/SAFE_1761791194_5c45fb_state_machine_cpu_bound.c,SAFE,state_machine,cpu_bound,2,1,1
SAFE/SAFE_1761791222_e9e6f5_compression_stub_monolithic_main.c,SAFE,compression_stub,monolithic_main,1,0,1
SAFE/SAFE_1761791285_69dc5b_matrix_ops_io_bound.c,SAFE,matrix_ops,io_bound,1,0,1
SAFE/SAFE_1761791305_508f6d_state_machine_recursion.c,SAFE,state_machine,recursion,1,0,1
SAFE/SAFE_1761791311_09974b_matrix_ops_recursion.c,SAFE,matrix_ops,recursion,2,1,1
SAFE/SAFE_1761791341_7d8839_string_processing_loop_variants.c,SAFE,string_processing,loop_variants,2,0,1
SAFE/SAFE_1761791374_75e748_state_machine_cpu_bound.c,SAFE,state_machine,cpu_bound,3,0,1
SAFE/SAFE_1761791421_3f1eb8_matrix_ops_recursion.c,SAFE,matrix_ops,recursion,3,1,1
SAFE/SAFE_1761791445_ddc30e_parser_tokenizer_enum_switch.c,SAFE,parser_tokenizer,enum_switch,1,0,1
SAFE/SAFE_1761791451_dbd399_graph_algorithms_cpu_bound.c,SAFE,graph_algorithms,cpu_bound,2,1,1
SAFE/SAFE_1761791466_37c1f7_string_processing_monolithic_main.c,SAFE,string_processing,monolithic_main,1,0,1
SAFE/SAFE_1761791498_60a7c2_log_analyzer_modular_functions.c,SAFE,log_analyzer,modular_functions,2,0,1
SAFE/SAFE_1761791518_6a111d_compression_stub_recursion.c,SAFE,compression_stub,recursion,2,1,1
SAFE/SAFE_1761791562_300b2f_compression_stub_modular_functions.c,SAFE,compression_stub,modular_functions,2,1,1
SAFE/SAFE_1761791576_068c51_state_machine_loop_variants.c,SAFE,state_machine,loop_variants,1,1,1
SAFE/SAFE_1761791596_1b48f4_matrix_ops_io_bound.c,SAFE,matrix_ops,io_bound,1,0,1
SAFE/SAFE_1761791600_8f0954_string_processing_macros.c,SAFE,string_processing,macros,2,0,1
SAFE/SAFE_1761791621_2d3823_log_analyzer_loop_variants.c,SAFE,log_analyzer,loop_variants,1,0,1
SAFE/SAFE_1761791661_16fc5f_graph_algorithms_pointer_arithmetic.c,SAFE,graph_algorithms,pointer_arithmetic,2,1,1
SAFE/SAFE_1761791665_97e0ad_graph_algorithms_recursion.c,SAFE,graph_algorithms,recursion,2,1,1
SAFE/SAFE_1761791684_748cc8_string_processing_enum_switch.c,SAFE,string_processing,enum_switch,1,1,1
SAFE/SAFE_1761791700_db759b_parser_tokenizer_cpu_bound.c,SAFE,parser_tokenizer,cpu_bound,2,0,1
SAFE/SAFE_1761791723_806f80_parser_tokenizer_io_bound.c,SAFE,parser_tokenizer,io_bound,2,0,1
SAFE/SAFE_1761791742_458cc7_graph_algorithms_loop_variants.c,SAFE,graph_algorithms,loop_variants,1,1,1
SAFE/SAFE_1761791751_d383d4_numeric_computation_recursion.c,SAFE,numeric_computation,recursion,1,0,1
SAFE/SAFE_1761791783_4d3b16_matrix_ops_cpu_bound.c,SAFE,matrix_ops,cpu_bound,3,0,1
SAFE/SAFE_1761791807_145bb6_compression_stub_function_pointers.c,SAFE,compression_stub,function_pointers,2,0,1
SAFE/SAFE_1761791812_a12c21_string_processing_enum_switch.c,SAFE,string_processing,enum_switch,2,1,1
SAFE/SAFE_1761791847_b02904_state_machine_pointer_arithmetic.c,SAFE,state_machine,pointer_arithmetic,2,1,1
SAFE/SAFE_1761791848_ee3354_log_analyzer_monolithic_main.c,SAFE,log_analyzer,monolithic_main,1,0,1
SAFE/SAFE_1761791852_eab383_graph_algorithms_io_bound.c,SAFE,graph_algorithms,io_bound,1,1,1
SAFE/SAFE_1761791853_4bd40a_log_analyzer_loop_variants.c,SAFE,log_analyzer,loop_variants,2,0,1
SAFE/SAFE_1761791893_f14859_graph_algorithms_loop_variants.c,SAFE,graph_algorithms,loop_variants,1,1,1
SAFE/SAFE_1761791936_8bc852_numeric_computation_heap_stack_mix.c,SAFE,numeric_computation,heap_stack_mix,1,1,1
SAFE/SAFE_1761791955_0d2ae0_graph_algorithms_modular_functions.c,SAFE,graph_algorithms,modular_functions,2,1,1
SAFE/SAFE_1761791970_a3c48a_string_processing_function_pointers.c,SAFE,string_processing,function_pointers,1,1,1
SAFE/SAFE_1761792042_85e5c7_numeric_computation_heap_stack_mix.c,SAFE,numeric_computation,heap_stack_mix,2,1,1
SAFE/SAFE_1761792057_3f3971_state_machine_pointer_arithmetic.c,SAFE,state_machine,pointer_arithmetic,1,0,1
SAFE/SAFE_1761792066_c8f794_state_machine_pointer_arithmetic.c,SAFE,state_machine,pointer_arithmetic,1,0,1
SAFE/SAFE_1761792082_641fed_matrix_ops_recursion.c,SAFE,matrix_ops,recursion,2,1,1
SAFE/SAFE_1761792152_428b75_log_analyzer_cpu_bound.c,SAFE,log_analyzer,cpu_bound,1,0,1
SAFE/SAFE_1761792163_99c218_state_machine_heap_stack_mix.c,SAFE,state_machine,heap_stack_mix,1,0,1
SAFE/SAFE_1761792242_b794d9_state_machine_function_pointers.c,SAFE,state_machine,function_pointers,1,0,1
SAFE/SAFE_1761792256_0185a0_state_machine_io_bound.c,SAFE,state_machine,io_bound,1,0,1
SAFE/SAFE_1761792276_6abe00_graph_algorithms_recursion.c,SAFE,graph_algorithms,recursion,2,1,1
SAFE/SAFE_1761792305_5e7826_log_analyzer_recursion.c,SAFE,log_analyzer,recursion,2,1,1
SAFE/SAFE_1761792345_be8c5c_parser_tokenizer_function_pointers.c,SAFE,parser_tokenizer,function_pointers,1,0,1
SAFE/SAFE_1761792384_03f939_log_analyzer_monolithic_main.c,SAFE,log_analyzer,monolithic_main,1,0,1
SAFE/SAFE_1761792392_23caa5_compression_stub_io_bound.c,SAFE,compression_stub,io_bound,2,0,1
SAFE/SAFE_1761792417_ce9a27_string_processing_modular_functions.c,SAFE,string_processing,modular_functions,2,0,1
SAFE/SAFE_1761792426_2c4c77_matrix_ops_heap_stack_mix.c,SAFE,matrix_ops,heap_stack_mix,1,1,1
SAFE/SAFE_1761792437_0babe3_string_processing_heap_stack_mix.c,SAFE,string_processing,heap_stack_mix,2,0,1
SAFE/SAFE_1761792454_f4df31_compression_stub_macros.c,SAFE,compression_stub,macros,1,0,1
SAFE/SAFE_1761792457_103d9b_log_analyzer_function_pointers.c,SAFE,log_analyzer,function_pointers,2,0,1
SAFE/SAFE_1761792467_0b46a3_state_machine_cpu_bound.c,SAFE,state_machine,cpu_bound,1,1,1
SAFE/SAFE_1761792565_7449af_parser_tokenizer_io_bound.c,SAFE,parser_tokenizer,io_bound,1,0,1
SAFE/SAFE_1761792697_ab7af3_graph_algorithms_macros.c,SAFE,graph_algorithms,macros,1,1,1
SAFE/SAFE_1761792736_445def_numeric_computation_io_bound.c,SAFE,numeric_computation,io_bound,2,0,1
SAFE/SAFE_1761792766_f5f6d9_state_machine_recursion.c,SAFE,state_machine,recursion,1,1,1
SAFE/SAFE_1761792769_4df160_compression_stub_modular_functions.c,SAFE,compression_stub,modular_functions,3,1,1
SAFE/SAFE_1761792780_6d84d7_string_processing_macros.c,SAFE,string_processing,macros,2,0,1
SAFE/SAFE_1761792781_72cb3f_state_machine_function_pointers.c,SAFE,state_machine,function_pointers,1,0,1
SAFE/SAFE_1761792797_224cc3_state_machine_macros.c,SAFE,state_machine,macros,1,0,1
SAFE/SAFE_1761792801_4bf9d3_numeric_computation_heap_stack_mix.c,SAFE,numeric_computation,heap_stack_mix,2,1,1
SAFE/SAFE_1761792861_14d50a_numeric_computation_macros.c,SAFE,numeric_computation,macros,3,1,1
SAFE/SAFE_1761792875_fd4c5f_parser_tokenizer_function_pointers.c,SAFE,parser_tokenizer,function_pointers,1,0,1
SAFE/SAFE_1761792876_3554fa_parser_tokenizer_macros.c,SAFE,parser_tokenizer,macros,1,0,1
SAFE/SAFE_1761792902_9b1cf0_numeric_computation_heap_stack_mix.c,SAFE,numeric_computation,heap_stack_mix,1,0,1
SAFE/SAFE_1761792905_d600f5_log_analyzer_function_pointers.c,SAFE,log_analyzer,function_pointers,1,1,1
SAFE/SAFE_1761792944_78980e_state_machine_function_pointers.c,SAFE,state_machine,function_pointers,1,1,1
SAFE/SAFE_1761792965_3aa3dd_compression_stub_modular_functions.c,SAFE,compression_stub,modular_functions,1,1,1
SAFE/SAFE_1761792969_1a0090_log_analyzer_modular_functions.c,SAFE,log_analyzer,modular_functions,1,0,1
SAFE/SAFE_1761793047_62be4d_compression_stub_macros.c,SAFE,compression_stub,macros,1,0,1
SAFE/SAFE_1761793050_cfb93d_state_machine_monolithic_main.c,SAFE,state_machine,monolithic_main,1,0,1
SAFE/SAFE_1761793096_1bdef6_matrix_ops_heap_stack_mix.c,SAFE,matrix_ops,heap_stack_mix,1,1,1
SAFE/SAFE_1761793153_346444_matrix_ops_pointer_arithmetic.c,SAFE,matrix_ops,pointer_arithmetic,1,0,1
SAFE/SAFE_1761793191_303193_state_machine_modular_functions.c,SAFE,state_machine,modular_functions,1,0,1
SAFE/SAFE_1761793230_9ea964_graph_algorithms_loop_variants.c,SAFE,graph_algorithms,loop_variants,1,1,1
SAFE/SAFE_1761793269_4c7d60_graph_algorithms_cpu_bound.c,SAFE,graph_algorithms,cpu_bound,1,1,1
SAFE/SAFE_1761793383_cb2d44_compression_stub_modular_functions.c,SAFE,compression_stub,modular_functions,1,0,1
SAFE/SAFE_1761793441_398c95_matrix_ops_function_pointers.c,SAFE,matrix_ops,function_pointers,2,1,1
SAFE/SAFE_1761793458_615644_string_processing_loop_variants.c,SAFE,string_processing,loop_variants,1,0,1
SAFE/SAFE_1761793498_7fcfde_string_processing_monolithic_main.c,SAFE,string_processing,monolithic_main,1,0,1
SAFE/SAFE_1761793554_3e849d_compression_stub_monolithic_main.c,SAFE,compression_stub,monolithic_main,1,0,1
SAFE/SAFE_1761793654_dd73ab_log_analyzer_function_pointers.c,SAFE,log_analyzer,function_pointers,2,1,1
SAFE/SAFE_1761793657_1465d1_string_processing_heap_stack_mix.c,SAFE,string_processing,heap_stack_mix,1,0,1
SAFE/SAFE_1761793671_7e4f95_state_machine_recursion.c,SAFE,state_machine,recursion,2,0,1
SAFE/SAFE_1761793754_fafdb6_log_analyzer_pointer_arithmetic.c,SAFE,log_analyzer,pointer_arithmetic,1,0,1
SAFE/SAFE_1761793763_b29399_log_analyzer_enum_switch.c,SAFE,log_analyzer,enum_switch,1,0,1
SAFE/SAFE_1761793811_eb7263_numeric_computation_modular_functions.c,SAFE,numeric_computation,modular_functions,1,1,1
SAFE/SAFE_1761793821_a8018a_compression_stub_cpu_bound.c,SAFE,compression_stub,cpu_bound,2,0,1
SAFE/SAFE_1761793838_7393e6_log_analyzer_io_bound.c,SAFE,log_analyzer,io_bound,1,0,1
SAFE/SAFE_1761793856_228e3c_string_processing_monolithic_main.c,SAFE,string_processing,monolithic_main,1,0,1
SAFE/SAFE_1761793856_3a7840_log_analyzer_recursion.c,SAFE,log_analyzer,recursion,2,0,1
SAFE/SAFE_1761793889_7bf087_graph_algorithms_cpu_bound.c,SAFE,graph_algorithms,cpu_bound,1,1,1
SAFE/SAFE_1761793901_cdfa02_numeric_computation_modular_functions.c,SAFE,numeric_computation,modular_functions,1,1,1
SAFE/SAFE_1761793965_68b04f_graph_algorithms_function_pointers.c,SAFE,graph_algorithms,function_pointers,1,0,1
SAFE/SAFE_1761793989_bd125d_string_processing_loop_variants.c,SAFE,string_processing,loop_variants,3,0,1
SAFE/SAFE_1761794063_fff045_parser_tokenizer_pointer_arithmetic.c,SAFE,parser_tokenizer,pointer_arithmetic,2,0,1
SAFE/SAFE_1761794094_e9ae89_log_analyzer_modular_functions.c,SAFE,log_analyzer,modular_functions,1,0,1
SAFE/SAFE_1761794139_fe98cb_compression_stub_cpu_bound.c,SAFE,compression_stub,cpu_bound,2,1,1
SAFE/SAFE_1761794218_04579f_compression_stub_modular_functions.c,SAFE,compression_stub,modular_functions,3,0,1
SAFE/SAFE_1761794301_4b2acd_string_processing_modular_functions.c,SAFE,string_processing,modular_functions,3,0,1
SAFE/SAFE_1761794344_d0ba8f_compression_stub_loop_variants.c,SAFE,compression_stub,loop_variants,1,0,1
SAFE/SAFE_1761794387_c3103a_graph_algorithms_cpu_bound.c,SAFE,graph_algorithms,cpu_bound,1,1,1
SAFE/SAFE_1761794395_70ed02_state_machine_cpu_bound.c,SAFE,state_machine,cpu_bound,2,0,1
SAFE/SAFE_1761794399_ba610d_parser_tokenizer_macros.c,SAFE,parser_tokenizer,macros,1,0,1
SAFE/SAFE_1761794412_9fcaab_numeric_computation_monolithic_main.c,SAFE,numeric_computation,monolithic_main,1,1,1
SAFE/SAFE_1761794423_b184dc_matrix_ops_monolithic_main.c,SAFE,matrix_ops,monolithic_main,1,1,1
SAFE/SAFE_1761794463_1056d5_string_processing_struct_heavy.c,SAFE,string_processing,struct_heavy,1,1,1
SAFE/SAFE_1761794466_1cf344_compression_stub_pointer_arithmetic.c,SAFE,compression_stub,pointer_arithmetic,2,1,1
SAFE/SAFE_1761794487_1b273a_state_machine_pointer_arithmetic.c,SAFE,state_machine,pointer_arithmetic,1,0,1
SAFE/SAFE_1761794506_61f2c1_compression_stub_io_bound.c,SAFE,compression_stub,io_bound,2,0,1
SAFE/SAFE_1761794512_850148_graph_algorithms_modular_functions.c,SAFE,graph_algorithms,modular_functions,1,1,1
SAFE/SAFE_1761794525_04c096_parser_tokenizer_cpu_bound.c,SAFE,parser_tokenizer,cpu_bound,1,0,1
SAFE/SAFE_1761794556_17b8eb_log_analyzer_loop_variants.c,SAFE,log_analyzer,loop_variants,1,0,1
SAFE/SAFE_1761794598_5c5a49_string_processing_pointer_arithmetic.c,SAFE,string_processing,pointer_arithmetic,2,1,1
SAFE/SAFE_1761794609_9bd952_matrix_ops_cpu_bound.c,SAFE,matrix_ops,cpu_bound,1,0,1
SAFE/SAFE_1761794634_86fe12_log_analyzer_enum_switch.c,SAFE,log_analyzer,enum_switch,1,0,1
SAFE/SAFE_1761794639_86f90d_graph_algorithms_cpu_bound.c,SAFE,graph_algorithms,cpu_bound,1,1,1
SAFE/SAFE_1761794700_08dcb4_log_analyzer_pointer_arithmetic.c,SAFE,log_analyzer,pointer_arithmetic,2,0,1
SAFE/SAFE_1761794734_121ac7_state_machine_function_pointers.c,SAFE,state_machine,function_pointers,2,1,1
SAFE/SAFE_1761794737_e575a9_graph_algorithms_recursion.c,SAFE,graph_algorithms,recursion,1,0,1
SAFE/SAFE_1761794740_5dda70_compression_stub_io_bound.c,SAFE,compression_stub,io_bound,1,0,1
SAFE/SAFE_1761794748_345574_log_analyzer_enum_switch.c,SAFE,log_analyzer,enum_switch,1,1,1
SAFE/SAFE_1761794758_709955_graph_algorithms_modular_functions.c,SAFE,graph_algorithms,modular_functions,2,1,1
SAFE/SAFE_1761794776_ebb9c2_compression_stub_monolithic_main.c,SAFE,compression_stub,monolithic_main,2,0,1
SAFE/SAFE_1761794813_6edc2c_string_processing_function_pointers.c,SAFE,string_processing,function_pointers,1,1,1
SAFE/SAFE_1761794826_17400e_state_machine_pointer_arithmetic.c,SAFE,state_machine,pointer_arithmetic,1,0,1
SAFE/SAFE_1761794844_8c641c_log_analyzer_function_pointers.c,SAFE,log_analyzer,function_pointers,1,0,1
SAFE/SAFE_1761794844_d4ebba_parser_tokenizer_macros.c,SAFE,parser_tokenizer,macros,2,0,1
SAFE/SAFE_1761794853_7b901f_graph_algorithms_loop_variants.c,SAFE,graph_algorithms,loop_variants,1,1,1
SAFE/SAFE_1761794935_2188d0_string_processing_io_bound.c,SAFE,string_processing,io_bound,1,0,1
SAFE/SAFE_1761794951_69108a_numeric_computation_recursion.c,SAFE,numeric_computation,recursion,2,1,1
SAFE/SAFE_1761795029_1c87d5_matrix_ops_recursion.c,SAFE,matrix_ops,recursion,3,1,1
SAFE/SAFE_1761795045_3f2393_log_analyzer_io_bound.c,SAFE,log_analyzer,io_bound,2,0,1
SAFE/SAFE_1761795046_7ac5c5_log_analyzer_loop_variants.c,SAFE,log_analyzer,loop_variants,1,0,1
SAFE/SAFE_1761795048_850e4d_numeric_computation_monolithic_main.c,SAFE,numeric_computation,monolithic_main,1,1,1
SAFE/SAFE_1761795086_1c1164_compression_stub_monolithic_main.c,SAFE,compression_stub,monolithic_main,3,0,1
SAFE/SAFE_1761795130_1232e0_parser_tokenizer_cpu_bound.c,SAFE,parser_tokenizer,cpu_bound,3,0,1
SAFE/SAFE_1761795135_dde1e5_parser_tokenizer_io_bound.c,SAFE,parser_tokenizer,io_bound,2,0,1
SAFE/SAFE_1761795144_343437_state_machine_io_bound.c,SAFE,state_machine,io_bound,1,0,1
SAFE/SAFE_1761795144_a3d8cd_compression_stub_macros.c,SAFE,compression_stub,macros,1,0,1
SAFE/SAFE_1761795191_43f0a4_string_processing_macros.c,SAFE,string_processing,macros,3,0,1
SAFE/SAFE_1761795222_d4de59_state_machine_modular_functions.c,SAFE,state_machine,modular_functions,1,0,1
SAFE/SAFE_1761795225_cd876b_numeric_computation_cpu_bound.c,SAFE,numeric_computation,cpu_bound,3,1,1
SAFE/SAFE_1761795241_e86ab4_log_analyzer_loop_variants.c,SAFE,log_analyzer,loop_variants,3,0,1
SAFE/SAFE_1761795280_e81ce5_graph_algorithms_io_bound.c,SAFE,graph_algorithms,io_bound,1,1,1
SAFE/SAFE_1761795308_6bef72_log_analyzer_monolithic_main.c,SAFE,log_analyzer,monolithic_main,2,0,1
SAFE/SAFE_1761795317_67c427_log_analyzer_macros.c,SAFE,log_analyzer,macros,1,0,1
SAFE/SAFE_1761795345_ce62e7_graph_algorithms_recursion.c,SAFE,graph_algorithms,recursion,1,1,1
SAFE/SAFE_1761795372_70cc05_numeric_computation_monolithic_main.c,SAFE,numeric_computation,monolithic_main,1,1,1
SAFE/SAFE_1761795406_6d9be2_numeric_computation_macros.c,SAFE,numeric_computation,macros,2,1,1
SAFE/SAFE_1761795424_79e745_state_machine_pointer_arithmetic.c,SAFE,state_machine,pointer_arithmetic,3,0,1
SAFE/SAFE_1761795435_117486_compression_stub_struct_heavy.c,SAFE,compression_stub,struct_heavy,3,1,1
SAFE/SAFE_1761795447_14be4b_matrix_ops_function_pointers.c,SAFE,matrix_ops,function_pointers,1,1,1
SAFE/SAFE_1761795465_d91264_log_analyzer_pointer_arithmetic.c,SAFE,log_analyzer,pointer_arithmetic,1,0,1
SAFE/SAFE_1761795537_2a6cc1_state_machine_monolithic_main.c,SAFE,state_machine,monolithic_main,2,0,1
SAFE/SAFE_1761795562_76f6ec_matrix_ops_loop_variants.c,SAFE,matrix_ops,loop_variants,1,0,1
SAFE/SAFE_1761795589_2c033b_numeric_computation_monolithic_main.c,SAFE,numeric_computation,monolithic_main,2,1,1
SAFE/SAFE_1761795599_ca295d_parser_tokenizer_cpu_bound.c,SAFE,parser_tokenizer,cpu_bound,2,0,1
SAFE/SAFE_1761795605_4c5f46_graph_algorithms_cpu_bound.c,SAFE,graph_algorithms,cpu_bound,1,1,1
SAFE/SAFE_1761795638_8f8091_graph_algorithms_pointer_arithmetic.c,SAFE,graph_algorithms,pointer_arithmetic,1,1,1
SAFE/SAFE_1761795647_320ddd_compression_stub_enum_switch.c,SAFE,compression_stub,enum_switch,1,1,1
SAFE/SAFE_1761795704_50a8cb_parser_tokenizer_io_bound.c,SAFE,parser_tokenizer,io_bound,1,0,1
SAFE/SAFE_1761795724_ca62dc_compression_stub_loop_variants.c,SAFE,compression_stub,loop_variants,2,1,1
SAFE/SAFE_1761795769_07abba_compression_stub_function_pointers.c,SAFE,compression_stub,function_pointers,3,0,1
SAFE/SAFE_1761795796_b05b96_compression_stub_loop_variants.c,SAFE,compression_stub,loop_variants,3,0,1
SAFE/SAFE_1761795810_7ef896_string_processing_macros.c,SAFE,string_processing,macros,1,0,1
SAFE/SAFE_1761795824_c36d6e_compression_stub_cpu_bound.c,SAFE,compression_stub,cpu_bound,1,0,1
SAFE/SAFE_1761795895_9cc1f9_state_machine_monolithic_main.c,SAFE,state_machine,monolithic_main,1,0,1
SAFE/SAFE_1761795925_d1e395_compression_stub_monolithic_main.c,SAFE,compression_stub,monolithic_main,1,0,1
SAFE/SAFE_1761795934_ff64f7_string_processing_monolithic_main.c,SAFE,string_processing,monolithic_main,2,0,1
SAFE/SAFE_1761795938_a68c2b_matrix_ops_function_pointers.c,SAFE,matrix_ops,function_pointers,1,1,1
SAFE/SAFE_1761795957_f925ec_state_machine_pointer_arithmetic.c,SAFE,state_machine,pointer_arithmetic,2,0,1
SAFE/SAFE_1761795968_6e2ab9_numeric_computation_heap_stack_mix.c,SAFE,numeric_computation,heap_stack_mix,1,1,1
SAFE/SAFE_1761796004_f06694_string_processing_function_pointers.c,SAFE,string_processing,function_pointers,1,1,1
SAFE/SAFE_1761796055_34f73c_state_machine_pointer_arithmetic.c,SAFE,state_machine,pointer_arithmetic,2,0,1
SAFE/SAFE_1761796103_5f928c_string_processing_loop_variants.c,SAFE,string_processing,loop_variants,3,0,1
SAFE/SAFE_1761796109_53afe7_string_processing_enum_switch.c,SAFE,string_processing,enum_switch,3,1,1
SAFE/SAFE_1761796111_91e670_state_machine_modular_functions.c,SAFE,state_machine,modular_functions,3,0,1
SAFE/SAFE_1761796112_9776bc_graph_algorithms_monolithic_main.c,SAFE,graph_algorithms,monolithic_main,3,1,1
SAFE/SAFE_1761796139_9959d7_string_processing_loop_variants.c,SAFE,string_processing,loop_variants,1,0,1
SAFE/SAFE_1761796148_c9d93b_string_processing_modular_functions.c,SAFE,string_processing,modular_functions,1,0,1
SAFE/SAFE_1761796170_a45c3c_state_machine_function_pointers.c,SAFE,state_machine,function_pointers,1,1,1
SAFE/SAFE_1761796194_f9762b_state_machine_loop_variants.c,SAFE,state_machine,loop_variants,1,0,1
SAFE/SAFE_1761796200_cc6547_string_processing_monolithic_main.c,SAFE,string_processing,monolithic_main,1,0,1
SAFE/SAFE_1761796207_005d6f_log_analyzer_function_pointers.c,SAFE,log_analyzer,function_pointers,1,0,1
SAFE/SAFE_1761796235_49151e_state_machine_io_bound.c,SAFE,state_machine,io_bound,1,0,1
SAFE/SAFE_1761796240_c59182_numeric_computation_heap_stack_mix.c,SAFE,numeric_computation,heap_stack_mix,1,1,1
SAFE/SAFE_1761796274_c35fbe_parser_tokenizer_pointer_arithmetic.c,SAFE,parser_tokenizer,pointer_arithmetic,1,0,1
SAFE/SAFE_1761796329_150e02_log_analyzer_loop_variants.c,SAFE,log_analyzer,loop_variants,1,0,1
SAFE/SAFE_1761796405_9c1f1a_log_analyzer_cpu_bound.c,SAFE,log_analyzer,cpu_bound,3,0,1
SAFE/SAFE_1761796416_a320ed_state_machine_pointer_arithmetic.c,SAFE,state_machine,pointer_arithmetic,1,1,1
SAFE/SAFE_1761796473_4989f4_string_processing_modular_functions.c,SAFE,string_processing,modular_functions,2,0,1
SAFE/SAFE_1761796509_16f4a8_string_processing_io_bound.c,SAFE,string_processing,io_bound,2,0,1
SAFE/SAFE_1761796655_daf550_parser_tokenizer_macros.c,SAFE,parser_tokenizer,macros,3,0,1
SAFE/SAFE_1761796740_62a948_compression_stub_modular_functions.c,SAFE,compression_stub,modular_functions,1,1,1
SAFE/SAFE_1761796753_8ea13c_compression_stub_heap_stack_mix.c,SAFE,compression_stub,heap_stack_mix,3,0,1
SAFE/SAFE_1761796770_112421_parser_tokenizer_function_pointers.c,SAFE,parser_tokenizer,function_pointers,2,0,1
SAFE/SAFE_1761796809_a51264_compression_stub_monolithic_main.c,SAFE,compression_stub,monolithic_main,2,1,1
SAFE/SAFE_1761796829_e5e2e0_string_processing_loop_variants.c,SAFE,string_processing,loop_variants,1,0,1
SAFE/SAFE_1761796835_0a9d48_compression_stub_cpu_bound.c,SAFE,compression_stub,cpu_bound,3,1,1
SAFE/SAFE_1761796851_73a91c_string_processing_modular_functions.c,SAFE,string_processing,modular_functions,1,0,1
SAFE/SAFE_1761796864_1f3dbe_compression_stub_loop_variants.c,SAFE,compression_stub,loop_variants,3,0,1
SAFE/SAFE_1761796876_0652d2_compression_stub_enum_switch.c,SAFE,compression_stub,enum_switch,1,1,1
SAFE/SAFE_1761796899_75f6f7_matrix_ops_cpu_bound.c,SAFE,matrix_ops,cpu_bound,1,1,1
SAFE/SAFE_1761796924_dbcdd1_matrix_ops_recursion.c,SAFE,matrix_ops,recursion,1,1,1
SAFE/SAFE_1761796928_4ac365_log_analyzer_heap_stack_mix.c,SAFE,log_analyzer,heap_stack_mix,1,0,1
SAFE/SAFE_1761796962_8dcaaa_state_machine_function_pointers.c,SAFE,state_machine,function_pointers,1,1,1
SAFE/SAFE_1761796974_56beab_log_analyzer_heap_stack_mix.c,SAFE,log_analyzer,heap_stack_mix,1,0,1
SAFE/SAFE_1761796984_e3d6bb_string_processing_modular_functions.c,SAFE,string_processing,modular_functions,2,0,1
SAFE/SAFE_1761796995_a7c733_log_analyzer_io_bound.c,SAFE,log_analyzer,io_bound,1,0,1
SAFE/SAFE_1761797015_268952_compression_stub_heap_stack_mix.c,SAFE,compression_stub,heap_stack_mix,1,0,1
SAFE/SAFE_1761797024_e58c9c_log_analyzer_function_pointers.c,SAFE,log_analyzer,function_pointers,1,0,1
SAFE/SAFE_1761797038_eedea9_numeric_computation_monolithic_main.c,SAFE,numeric_computation,monolithic_main,1,1,1
SAFE/SAFE_1761797054_9f1bb0_matrix_ops_enum_switch.c,SAFE,matrix_ops,enum_switch,1,1,1
SAFE/SAFE_1761797059_ae195b_state_machine_pointer_arithmetic.c,SAFE,state_machine,pointer_arithmetic,1,0,1
SAFE/SAFE_1761797065_7e822d_parser_tokenizer_loop_variants.c,SAFE,parser_tokenizer,loop_variants,3,0,1
SAFE/SAFE_1761797092_addcc8_numeric_computation_recursion.c,SAFE,numeric_computation,recursion,1,1,1
SAFE/SAFE_1761797097_e09b5c_string_processing_heap_stack_mix.c,SAFE,string_processing,heap_stack_mix,2,0,1
SAFE/SAFE_1761797115_4dee80_log_analyzer_heap_stack_mix.c,SAFE,log_analyzer,heap_stack_mix,2,0,1
SAFE/SAFE_1761797137_4c1040_compression_stub_heap_stack_mix.c,SAFE,compression_stub,heap_stack_mix,1,0,1
SAFE/SAFE_1761797147_7c7a4e_string_processing_enum_switch.c,SAFE,string_processing,enum_switch,1,1,1
SAFE/SAFE_1761797151_25ae83_log_analyzer_loop_variants.c,SAFE,log_analyzer,loop_variants,1,0,1
SAFE/SAFE_1761797153_25af12_log_analyzer_function_pointers.c,SAFE,log_analyzer,function_pointers,2,0,1
SAFE/SAFE_1761797174_042150_numeric_computation_modular_functions.c,SAFE,numeric_computation,modular_functions,1,1,1
SAFE/SAFE_1761797185_d3d7c3_log_analyzer_monolithic_main.c,SAFE,log_analyzer,monolithic_main,1,0,1
SAFE/SAFE_1761797234_2d70d1_state_machine_monolithic_main.c,SAFE,state_machine,monolithic_main,1,0,1
SAFE/SAFE_1761797239_9bbe42_parser_tokenizer_macros.c,SAFE,parser_tokenizer,macros,1,0,1
SAFE/SAFE_1761797270_df01b5_parser_tokenizer_function_pointers.c,SAFE,parser_tokenizer,function_pointers,1,0,1
SAFE/SAFE_1761797271_5a5b0d_string_processing_monolithic_main.c,SAFE,string_processing,monolithic_main,1,0,1
SAFE/SAFE_1761797306_5d6996_graph_algorithms_monolithic_main.c,SAFE,graph_algorithms,monolithic_main,1,1,1
SAFE/SAFE_1761797317_2ef5e2_log_analyzer_cpu_bound.c,SAFE,log_analyzer,cpu_bound,2,0,1
SAFE/SAFE_1761797321_d4b266_string_processing_modular_functions.c,SAFE,string_processing,modular_functions,2,0,1
SAFE/SAFE_1761797329_06c7d3_string_processing_pointer_arithmetic.c,SAFE,string_processing,pointer_arithmetic,1,0,1
SAFE/SAFE_1761797340_398bba_state_machine_pointer_arithmetic.c,SAFE,state_machine,pointer_arithmetic,2,0,1
SAFE/SAFE_1761797355_1c5c84_graph_algorithms_recursion.c,SAFE,graph_algorithms,recursion,1,1,1
SAFE/SAFE_1761797359_599142_compression_stub_recursion.c,SAFE,compression_stub,recursion,1,0,1
SAFE/SAFE_1761797365_c7f79e_graph_algorithms_loop_variants.c,SAFE,graph_algorithms,loop_variants,2,1,1
SAFE/SAFE_1761797372_934f8d_compression_stub_monolithic_main.c,SAFE,compression_stub,monolithic_main,2,0,1
SAFE/SAFE_1761797377_3ac8d2_matrix_ops_enum_switch.c,SAFE,matrix_ops,enum_switch,1,1,1
SAFE/SAFE_1761797382_69a99c_string_processing_function_pointers.c,SAFE,string_processing,function_pointers,1,1,1
SAFE/SAFE_1761797396_6a9beb_string_processing_function_pointers.c,SAFE,string_processing,function_pointers,1,1,1
SAFE/SAFE_1761797400_64a056_state_machine_function_pointers.c,SAFE,state_machine,function_pointers,2,0,1
SAFE/SAFE_1761797416_092ed1_numeric_computation_loop_variants.c,SAFE,numeric_computation,loop_variants,1,1,1
SAFE/SAFE_1761797420_9e6c04_numeric_computation_modular_functions.c,SAFE,numeric_computation,modular_functions,1,1,1
SAFE/SAFE_1761797465_ff55e9_compression_stub_cpu_bound.c,SAFE,compression_stub,cpu_bound,1,0,1
SAFE/SAFE_1761797472_229320_state_machine_heap_stack_mix.c,SAFE,state_machine,heap_stack_mix,1,0,1
SAFE/SAFE_1761797488_e66c5f_string_processing_io_bound.c,SAFE,string_processing,io_bound,1,0,1
SAFE/SAFE_1761797502_aa841d_string_processing_io_bound.c,SAFE,string_processing,io_bound,1,0,1
SAFE/SAFE_1761797512_55e47e_log_analyzer_pointer_arithmetic.c,SAFE,log_analyzer,pointer_arithmetic,1,0,1
SAFE/SAFE_1761797559_98add7_string_processing_io_bound.c,SAFE,string_processing,io_bound,2,0,1
SAFE/SAFE_1761797591_961129_compression_stub_monolithic_main.c,SAFE,compression_stub,monolithic_main,1,0,1
SAFE/SAFE_1761797600_997ebb_string_processing_loop_variants.c,SAFE,string_processing,loop_variants,1,0,1
SAFE/SAFE_1761797619_54efd2_parser_tokenizer_function_pointers.c,SAFE,parser_tokenizer,function_pointers,2,0,1
SAFE/SAFE_1761797631_754820_graph_algorithms_pointer_arithmetic.c,SAFE,graph_algorithms,pointer_arithmetic,1,1,1
SAFE/SAFE_1761797662_905fc0_matrix_ops_pointer_arithmetic.c,SAFE,matrix_ops,pointer_arithmetic,2,1,1
SAFE/SAFE_1761797666_55d4d1_numeric_computation_recursion.c,SAFE,numeric_computation,recursion,3,1,1
SAFE/SAFE_1761797699_482b8a_state_machine_monolithic_main.c,SAFE,state_machine,monolithic_main,1,0,1
SAFE/SAFE_1761797701_89df96_parser_tokenizer_macros.c,SAFE,parser_tokenizer,macros,3,0,1
SAFE/SAFE_1761797707_fed574_matrix_ops_recursion.c,SAFE,matrix_ops,recursion,2,1,1
SAFE/SAFE_1761797733_aeb046_parser_tokenizer_pointer_arithmetic.c,SAFE,parser_tokenizer,pointer_arithmetic,1,0,1
SAFE/SAFE_1761797748_339c86_numeric_computation_loop_variants.c,SAFE,numeric_computation,loop_variants,1,1,1
SAFE/SAFE_1761797751_93b0a3_log_analyzer_heap_stack_mix.c,SAFE,log_analyzer,heap_stack_mix,3,0,1
SAFE/SAFE_1761797768_2614fb_log_analyzer_loop_variants.c,SAFE,log_analyzer,loop_variants,1,0,1
SAFE/SAFE_1761797783_844e90_state_machine_modular_functions.c,SAFE,state_machine,modular_functions,1,1,1
SAFE/SAFE_1761797790_ae932a_log_analyzer_io_bound.c,SAFE,log_analyzer,io_bound,1,0,1
SAFE/SAFE_1761797794_64917f_matrix_ops_pointer_arithmetic.c,SAFE,matrix_ops,pointer_arithmetic,1,0,1
SAFE/SAFE_1761797814_29302f_string_processing_function_pointers.c,SAFE,string_processing,function_pointers,1,1,1
SAFE/SAFE_1761797822_c4896e_string_processing_monolithic_main.c,SAFE,string_processing,monolithic_main,1,0,1
SAFE/SAFE_1761797846_13fb56_string_processing_monolithic_main.c,SAFE,string_processing,monolithic_main,1,0,1
SAFE/SAFE_1761797848_d5bd63_compression_stub_loop_variants.c,SAFE,compression_stub,loop_variants,1,0,1
SAFE/SAFE_1761797855_447029_state_machine_loop_variants.c,SAFE,state_machine,loop_variants,1,0,1
SAFE/SAFE_1761797885_abc90c_state_machine_function_pointers.c,SAFE,state_machine,function_pointers,1,0,1
SAFE/SAFE_1761797940_d49d58_parser_tokenizer_modular_functions.c,SAFE,parser_tokenizer,modular_functions,2,0,1
SAFE/SAFE_1761797940_9cfc05_parser_tokenizer_heap_stack_mix.c,SAFE,parser_tokenizer,heap_stack_mix,1,0,1
SAFE/SAFE_1761797976_e887af_graph_algorithms_monolithic_main.c,SAFE,graph_algorithms,monolithic_main,1,1,1
SAFE/SAFE_1761797987_b5cb28_parser_tokenizer_modular_functions.c,SAFE,parser_tokenizer,modular_functions,1,0,1
SAFE/SAFE_1761798001_5de474_compression_stub_function_pointers.c,SAFE,compression_stub,function_pointers,3,1,1
SAFE/SAFE_1761798011_9cc76e_numeric_computation_modular_functions.c,SAFE,numeric_computation,modular_functions,1,1,1
SAFE/SAFE_1761798072_99b465_state_machine_macros.c,SAFE,state_machine,macros,1,0,1
SAFE/SAFE_1761798075_dbc705_graph_algorithms_cpu_bound.c,SAFE,graph_algorithms,cpu_bound,2,0,1
SAFE/SAFE_1761798096_d4a42d_compression_stub_recursion.c,SAFE,compression_stub,recursion,1,0,1
SAFE/SAFE_1761798106_060377_log_analyzer_io_bound.c,SAFE,log_analyzer,io_bound,2,0,1
SAFE/SAFE_1761798115_8e171b_compression_stub_macros.c,SAFE,compression_stub,macros,2,0,1
SAFE/SAFE_1761798116_7b8b04_parser_tokenizer_modular_functions.c,SAFE,parser_tokenizer,modular_functions,1,0,1
SAFE/SAFE_1761798125_cdb490_state_machine_recursion.c,SAFE,state_machine,recursion,1,1,1
SAFE/SAFE_1761798141_029eb2_string_processing_function_pointers.c,SAFE,string_processing,function_pointers,2,1,1
SAFE/SAFE_1761798145_3af929_matrix_ops_heap_stack_mix.c,SAFE,matrix_ops,heap_stack_mix,1,1,1
SAFE/SAFE_1761798168_56adbf_log_analyzer_io_bound.c,SAFE,log_analyzer,io_bound,1,0,1
SAFE/SAFE_1761798209_b9fa4e_state_machine_modular_functions.c,SAFE,state_machine,modular_functions,1,0,1
SAFE/SAFE_1761798230_9e71f1_log_analyzer_io_bound.c,SAFE,log_analyzer,io_bound,2,0,1
SAFE/SAFE_1761798239_f24ac4_log_analyzer_pointer_arithmetic.c,SAFE,log_analyzer,pointer_arithmetic,1,0,1
SAFE/SAFE_1761798269_b6ca4e_log_analyzer_struct_heavy.c,SAFE,log_analyzer,struct_heavy,1,0,1
SAFE/SAFE_1761798297_a5b277_state_machine_io_bound.c,SAFE,state_machine,io_bound,2,0,1
SAFE/SAFE_1761798299_d73893_graph_algorithms_monolithic_main.c,SAFE,graph_algorithms,monolithic_main,2,1,1
SAFE/SAFE_1761798325_87f31a_compression_stub_macros.c,SAFE,compression_stub,macros,1,0,1
SAFE/SAFE_1761798330_330164_matrix_ops_heap_stack_mix.c,SAFE,matrix_ops,heap_stack_mix,2,1,1
SAFE/SAFE_1761798333_fa7cda_log_analyzer_io_bound.c,SAFE,log_analyzer,io_bound,1,0,1
SAFE/SAFE_1761798366_4d81f8_log_analyzer_monolithic_main.c,SAFE,log_analyzer,monolithic_main,1,0,1
SAFE/SAFE_1761798403_950619_string_processing_modular_functions.c,SAFE,string_processing,modular_functions,2,0,1
SAFE/SAFE_1761798418_b0e918_graph_algorithms_io_bound.c,SAFE,graph_algorithms,io_bound,2,1,1
SAFE/SAFE_1761798428_7d610b_log_analyzer_function_pointers.c,SAFE,log_analyzer,function_pointers,1,0,1
SAFE/SAFE_1761798432_bd0b86_matrix_ops_recursion.c,SAFE,matrix_ops,recursion,1,1,1
SAFE/SAFE_1761798434_5bfc2b_log_analyzer_macros.c,SAFE,log_analyzer,macros,2,0,1
SAFE/SAFE_1761798460_f3fa98_state_machine_pointer_arithmetic.c,SAFE,state_machine,pointer_arithmetic,2,0,1
SAFE/SAFE_1761798513_437199_log_analyzer_modular_functions.c,SAFE,log_analyzer,modular_functions,1,0,1
SAFE/SAFE_1761798519_3ab0e9_log_analyzer_cpu_bound.c,SAFE,log_analyzer,cpu_bound,1,0,1
SAFE/SAFE_1761798557_22da4c_log_analyzer_loop_variants.c,SAFE,log_analyzer,loop_variants,1,0,1
SAFE/SAFE_1761798600_82c9e3_string_processing_recursion.c,SAFE,string_processing,recursion,1,0,1
SAFE/SAFE_1761798615_3ee2f9_string_processing_io_bound.c,SAFE,string_processing,io_bound,2,0,1
SAFE/SAFE_1761798622_993e06_compression_stub_modular_functions.c,SAFE,compression_stub,modular_functions,3,0,1
SAFE/SAFE_1761798632_0c3ac6_numeric_computation_modular_functions.c,SAFE,numeric_computation,modular_functions,1,1,1
SAFE/SAFE_1761798689_5394c0_string_processing_loop_variants.c,SAFE,string_processing,loop_variants,2,0,1
SAFE/SAFE_1761798695_06ede7_graph_algorithms_loop_variants.c,SAFE,graph_algorithms,loop_variants,3,1,1
SAFE/SAFE_1761798715_fc7ff5_parser_tokenizer_macros.c,SAFE,parser_tokenizer,macros,1,0,1
SAFE/SAFE_1761798769_ecb120_state_machine_monolithic_main.c,SAFE,state_machine,monolithic_main,1,0,1
SAFE/SAFE_1761798776_5e6a90_string_processing_heap_stack_mix.c,SAFE,string_processing,heap_stack_mix,2,0,1
SAFE/SAFE_1761798785_91e0ac_state_machine_macros.c,SAFE,state_machine,macros,1,0,1
SAFE/SAFE_1761798800_28327c_numeric_computation_modular_functions.c,SAFE,numeric_computation,modular_functions,1,1,1
SAFE/SAFE_1761798806_1561fa_numeric_computation_macros.c,SAFE,numeric_computation,macros,1,1,1
SAFE/SAFE_1761798817_31e089_string_processing_io_bound.c,SAFE,string_processing,io_bound,2,0,1
SAFE/SAFE_1761798863_c26346_numeric_computation_macros.c,SAFE,numeric_computation,macros,2,1,1
SAFE/SAFE_1761798889_76c3a4_matrix_ops_loop_variants.c,SAFE,matrix_ops,loop_variants,1,0,1
SAFE/SAFE_1761798897_f9593b_compression_stub_monolithic_main.c,SAFE,compression_stub,monolithic_main,1,0,1
SAFE/SAFE_1761798913_724878_parser_tokenizer_macros.c,SAFE,parser_tokenizer,macros,2,0,1
SAFE/SAFE_1761798961_189b75_state_machine_pointer_arithmetic.c,SAFE,state_machine,pointer_arithmetic,1,0,1
SAFE/SAFE_1761799005_d1b71d_state_machine_loop_variants.c,SAFE,state_machine,loop_variants,1,0,1
SAFE/SAFE_1761799020_f9c656_log_analyzer_modular_functions.c,SAFE,log_analyzer,modular_functions,1,0,1
SAFE/SAFE_1761799052_f12348_compression_stub_cpu_bound.c,SAFE,compression_stub,cpu_bound,3,0,1
SAFE/SAFE_1761799072_75a174_matrix_ops_loop_variants.c,SAFE,matrix_ops,loop_variants,2,0,1
SAFE/SAFE_1761799101_0c552f_log_analyzer_recursion.c,SAFE,log_analyzer,recursion,1,0,1
SAFE/SAFE_1761799107_77dad2_graph_algorithms_io_bound.c,SAFE,graph_algorithms,io_bound,3,1,1
SAFE/SAFE_1761799127_d8352c_numeric_computation_cpu_bound.c,SAFE,numeric_computation,cpu_bound,2,1,1
SAFE/SAFE_1761799137_766324_parser_tokenizer_io_bound.c,SAFE,parser_tokenizer,io_bound,2,0,1
SAFE/SAFE_1761799146_a6b310_graph_algorithms_io_bound.c,SAFE,graph_algorithms,io_bound,1,1,1
SAFE/SAFE_1761799149_94748a_parser_tokenizer_macros.c,SAFE,parser_tokenizer,macros,1,0,1
SAFE/SAFE_1761799169_bc0dac_graph_algorithms_io_bound.c,SAFE,graph_algorithms,io_bound,2,1,1
SAFE/SAFE_1761799191_d4ad9a_numeric_computation_loop_variants.c,SAFE,numeric_computation,loop_variants,1,1,1
SAFE/SAFE_1761799199_d9fc1d_log_analyzer_io_bound.c,SAFE,log_analyzer,io_bound,3,0,1
SAFE/SAFE_1761799222_7082fe_log_analyzer_function_pointers.c,SAFE,log_analyzer,function_pointers,1,0,1
SAFE/SAFE_1761799241_bdba5c_numeric_computation_heap_stack_mix.c,SAFE,numeric_computation,heap_stack_mix,2,1,1
SAFE/SAFE_1761799284_2f8ffe_log_analyzer_modular_functions.c,SAFE,log_analyzer,modular_functions,1,0,1
SAFE/SAFE_1761799296_4efa70_parser_tokenizer_recursion.c,SAFE,parser_tokenizer,recursion,1,0,1
SAFE/SAFE_1761799311_cdb366_string_processing_monolithic_main.c,SAFE,string_processing,monolithic_main,1,0,1
SAFE/SAFE_1761799335_774384_log_analyzer_loop_variants.c,SAFE,log_analyzer,loop_variants,1,0,1
SAFE/SAFE_1761799375_120c2b_state_machine_io_bound.c,SAFE,state_machine,io_bound,1,0,1
SAFE/SAFE_1761799396_929023_log_analyzer_function_pointers.c,SAFE,log_analyzer,function_pointers,3,1,1
SAFE/SAFE_1761799410_a9c260_log_analyzer_modular_functions.c,SAFE,log_analyzer,modular_functions,1,0,1
SAFE/SAFE_1761799419_f0aaad_string_processing_loop_variants.c,SAFE,string_processing,loop_variants,1,0,1
SAFE/SAFE_1761799445_49ce78_graph_algorithms_pointer_arithmetic.c,SAFE,graph_algorithms,pointer_arithmetic,1,1,1
SAFE/SAFE_1761799486_94226a_numeric_computation_macros.c,SAFE,numeric_computation,macros,2,1,1
SAFE/SAFE_1761799491_b5b799_graph_algorithms_modular_functions.c,SAFE,graph_algorithms,modular_functions,1,1,1
SAFE/SAFE_1761799495_4fef2e_state_machine_recursion.c,SAFE,state_machine,recursion,1,0,1
SAFE/SAFE_1761799538_e8647b_log_analyzer_loop_variants.c,SAFE,log_analyzer,loop_variants,3,0,1
SAFE/SAFE_1761799555_ad635d_string_processing_cpu_bound.c,SAFE,string_processing,cpu_bound,2,0,1
SAFE/SAFE_1761799575_3c5d3f_state_machine_macros.c,SAFE,state_machine,macros,1,0,1
SAFE/SAFE_1761799637_d0cabe_state_machine_io_bound.c,SAFE,state_machine,io_bound,2,0,1
SAFE/SAFE_1761799658_da8820_state_machine_heap_stack_mix.c,SAFE,state_machine,heap_stack_mix,1,0,1
SAFE/SAFE_1761799661_ac9d9f_string_processing_function_pointers.c,SAFE,string_processing,function_pointers,1,0,1
SAFE/SAFE_1761799676_969f04_state_machine_pointer_arithmetic.c,SAFE,state_machine,pointer_arithmetic,2,0,1
SAFE/SAFE_1761799726_3b5147_log_analyzer_monolithic_main.c,SAFE,log_analyzer,monolithic_main,1,0,1
SAFE/SAFE_1761799746_b812a5_numeric_computation_recursion.c,SAFE,numeric_computation,recursion,1,1,1
SAFE/SAFE_1761799747_88bdb5_string_processing_io_bound.c,SAFE,string_processing,io_bound,1,0,1
SAFE/SAFE_1761799755_318b6c_log_analyzer_loop_variants.c,SAFE,log_analyzer,loop_variants,1,0,1
SAFE/SAFE_1761799758_48fa30_parser_tokenizer_loop_variants.c,SAFE,parser_tokenizer,loop_variants,1,0,1
SAFE/SAFE_1761799759_0041ff_compression_stub_struct_heavy.c,SAFE,compression_stub,struct_heavy,3,0,1
SAFE/SAFE_1761799781_f8d100_graph_algorithms_cpu_bound.c,SAFE,graph_algorithms,cpu_bound,1,1,1
SAFE/SAFE_1761799854_82eba2_state_machine_modular_functions.c,SAFE,state_machine,modular_functions,1,0,1
SAFE/SAFE_1761799881_1c436e_compression_stub_cpu_bound.c,SAFE,compression_stub,cpu_bound,1,0,1
SAFE/SAFE_1761799890_8be3cf_string_processing_macros.c,SAFE,string_processing,macros,1,0,1
SAFE/SAFE_1761799892_12ba77_matrix_ops_monolithic_main.c,SAFE,matrix_ops,monolithic_main,1,1,1
SAFE/SAFE_1761799926_5cbafa_graph_algorithms_macros.c,SAFE,graph_algorithms,macros,1,1,1
SAFE/SAFE_1761799947_663de9_string_processing_io_bound.c,SAFE,string_processing,io_bound,1,0,1
SAFE/SAFE_1761799994_78c8d9_numeric_computation_heap_stack_mix.c,SAFE,numeric_computation,heap_stack_mix,2,1,1
SAFE/SAFE_1761800010_369443_compression_stub_io_bound.c,SAFE,compression_stub,io_bound,2,0,1
SAFE/SAFE_1761800025_e2f3bd_state_machine_pointer_arithmetic.c,SAFE,state_machine,pointer_arithmetic,1,1,1
SAFE/SAFE_1761800025_576ab4_state_machine_heap_stack_mix.c,SAFE,state_machine,heap_stack_mix,2,0,1
SAFE/SAFE_1761800064_c3c4ff_graph_algorithms_io_bound.c,SAFE,graph_algorithms,io_bound,1,1,1
SAFE/SAFE_1761800089_40f3d1_matrix_ops_heap_stack_mix.c,SAFE,matrix_ops,heap_stack_mix,1,1,1
SAFE/SAFE_1761800105_bb81b9_parser_tokenizer_macros.c,SAFE,parser_tokenizer,macros,1,0,1
SAFE/SAFE_1761800107_656ca4_log_analyzer_io_bound.c,SAFE,log_analyzer,io_bound,1,0,1
SAFE/SAFE_1761800109_f6ffa2_state_machine_cpu_bound.c,SAFE,state_machine,cpu_bound,2,1,1
SAFE/SAFE_1761800121_13332b_log_analyzer_recursion.c,SAFE,log_analyzer,recursion,1,1,1
SAFE/SAFE_1761800124_cc55c5_state_machine_function_pointers.c,SAFE,state_machine,function_pointers,3,1,1
SAFE/SAFE_1761800139_ef7a32_numeric_computation_macros.c,SAFE,numeric_computation,macros,1,1,1
SAFE/SAFE_1761800163_ecab4c_string_processing_macros.c,SAFE,string_processing,macros,3,0,1
SAFE/SAFE_1761800218_aee096_parser_tokenizer_macros.c,SAFE,parser_tokenizer,macros,1,0,1
SAFE/SAFE_1761800239_cb90e3_compression_stub_loop_variants.c,SAFE,compression_stub,loop_variants,1,0,1
SAFE/SAFE_1761800245_f40a25_matrix_ops_recursion.c,SAFE,matrix_ops,recursion,1,1,1
SAFE/SAFE_1761800298_c10baf_string_processing_heap_stack_mix.c,SAFE,string_processing,heap_stack_mix,2,0,1
SAFE/SAFE_1761800325_e148d3_numeric_computation_cpu_bound.c,SAFE,numeric_computation,cpu_bound,1,1,1
SAFE/SAFE_1761800333_fc4988_state_machine_loop_variants.c,SAFE,state_machine,loop_variants,1,0,1
SAFE/SAFE_1761800373_ca7610_graph_algorithms_recursion.c,SAFE,graph_algorithms,recursion,1,1,1
SAFE/SAFE_1761800376_d0292d_matrix_ops_loop_variants.c,SAFE,matrix_ops,loop_variants,3,1,1
SAFE/SAFE_1761800380_8e0191_string_processing_modular_functions.c,SAFE,string_processing,modular_functions,2,0,1
SAFE/SAFE_1761800382_4affc0_string_processing_cpu_bound.c,SAFE,string_processing,cpu_bound,3,0,1
SAFE/SAFE_1761800426_f0fcf2_log_analyzer_modular_functions.c,SAFE,log_analyzer,modular_functions,1,0,1
SAFE/SAFE_1761800441_04f6a1_string_processing_loop_variants.c,SAFE,string_processing,loop_variants,1,0,1
SAFE/SAFE_1761800456_ca849d_log_analyzer_enum_switch.c,SAFE,log_analyzer,enum_switch,2,1,1
SAFE/SAFE_1761800474_51e23e_state_machine_pointer_arithmetic.c,SAFE,state_machine,pointer_arithmetic,1,0,1
SAFE/SAFE_1761800489_864229_matrix_ops_function_pointers.c,SAFE,matrix_ops,function_pointers,1,1,1
SAFE/SAFE_1761800511_7c2479_graph_algorithms_recursion.c,SAFE,graph_algorithms,recursion,1,1,1
SAFE/SAFE_1761800530_c70393_parser_tokenizer_macros.c,SAFE,parser_tokenizer,macros,1,0,1
SAFE/SAFE_1761800563_9a6bf1_log_analyzer_function_pointers.c,SAFE,log_analyzer,function_pointers,1,1,1
SAFE/SAFE_1761800620_8cf4c0_parser_tokenizer_loop_variants.c,SAFE,parser_tokenizer,loop_variants,1,0,1
SAFE/SAFE_1761800671_08421a_graph_algorithms_function_pointers.c,SAFE,graph_algorithms,function_pointers,1,0,1
SAFE/SAFE_1761800680_6fb0be_string_processing_struct_heavy.c,SAFE,string_processing,struct_heavy,2,0,1
SAFE/SAFE_1761800697_0082f8_numeric_computation_recursion.c,SAFE,numeric_computation,recursion,1,1,1
SAFE/SAFE_1761800718_45e6cb_log_analyzer_cpu_bound.c,SAFE,log_analyzer,cpu_bound,1,1,1
SAFE/SAFE_1761800780_64402d_log_analyzer_loop_variants.c,SAFE,log_analyzer,loop_variants,2,0,1
SAFE/SAFE_1761800797_68a019_compression_stub_cpu_bound.c,SAFE,compression_stub,cpu_bound,1,0,1
SAFE/SAFE_1761800851_cbc461_log_analyzer_cpu_bound.c,SAFE,log_analyzer,cpu_bound,1,0,1
SAFE/SAFE_1761800925_f8f5c2_numeric_computation_macros.c,SAFE,numeric_computation,macros,1,1,1
SAFE/SAFE_1761800976_8e3095_state_machine_macros.c,SAFE,state_machine,macros,1,0,1
SAFE/SAFE_1761801016_4fb4ad_matrix_ops_function_pointers.c,SAFE,matrix_ops,function_pointers,3,1,1
SAFE/SAFE_1761801017_e2574e_graph_algorithms_recursion.c,SAFE,graph_algorithms,recursion,1,1,1
SAFE/SAFE_1761801021_05b3c1_compression_stub_cpu_bound.c,SAFE,compression_stub,cpu_bound,2,1,1
SAFE/SAFE_1761801021_963f0b_parser_tokenizer_enum_switch.c,SAFE,parser_tokenizer,enum_switch,2,0,1
SAFE/SAFE_1761801026_7c6bdb_log_analyzer_function_pointers.c,SAFE,log_analyzer,function_pointers,1,0,1
SAFE/SAFE_1761801045_b72dfb_matrix_ops_cpu_bound.c,SAFE,matrix_ops,cpu_bound,1,1,1
SAFE/SAFE_1761801063_6d4bca_log_analyzer_recursion.c,SAFE,log_analyzer,recursion,1,1,1
SAFE/SAFE_1761801142_e6513e_parser_tokenizer_io_bound.c,SAFE,parser_tokenizer,io_bound,3,0,1
SAFE/SAFE_1761801150_bfc268_state_machine_monolithic_main.c,SAFE,state_machine,monolithic_main,1,0,1
SAFE/SAFE_1761801158_025bd9_graph_algorithms_loop_variants.c,SAFE,graph_algorithms,loop_variants,3,1,1
SAFE/SAFE_1761801209_b2373d_parser_tokenizer_pointer_arithmetic.c,SAFE,parser_tokenizer,pointer_arithmetic,1,0,1
SAFE/SAFE_1761801243_c2a2f2_parser_tokenizer_cpu_bound.c,SAFE,parser_tokenizer,cpu_bound,1,0,1
SAFE/SAFE_1761801257_d66ef9_compression_stub_function_pointers.c,SAFE,compression_stub,function_pointers,1,0,1
SAFE/SAFE_1761801290_250632_graph_algorithms_modular_functions.c,SAFE,graph_algorithms,modular_functions,3,1,1
SAFE/SAFE_1761801359_9aa8be_log_analyzer_enum_switch.c,SAFE,log_analyzer,enum_switch,3,0,1
SAFE/SAFE_1761801360_b4aed4_compression_stub_function_pointers.c,SAFE,compression_stub,function_pointers,2,0,1
SAFE/SAFE_1761801386_402c10_string_processing_heap_stack_mix.c,SAFE,string_processing,heap_stack_mix,1,0,1
SAFE/SAFE_1761801393_11009f_matrix_ops_monolithic_main.c,SAFE,matrix_ops,monolithic_main,2,1,1
SAFE/SAFE_1761801393_040351_string_processing_loop_variants.c,SAFE,string_processing,loop_variants,1,1,1
SAFE/SAFE_1761801472_bdd5d5_log_analyzer_recursion.c,SAFE,log_analyzer,recursion,2,1,1
SAFE/SAFE_1761801485_d9b519_string_processing_monolithic_main.c,SAFE,string_processing,monolithic_main,1,0,1
SAFE/SAFE_1761801487_8fa89e_state_machine_struct_heavy.c,SAFE,state_machine,struct_heavy,1,0,1
SAFE/SAFE_1761801492_0e7e0b_string_processing_pointer_arithmetic.c,SAFE,string_processing,pointer_arithmetic,3,0,1
SAFE/SAFE_1761801518_ad0369_graph_algorithms_monolithic_main.c,SAFE,graph_algorithms,monolithic_main,1,1,1
SAFE/SAFE_1761801546_a2571d_log_analyzer_recursion.c,SAFE,log_analyzer,recursion,2,0,1
SAFE/SAFE_1761801564_7b6d79_compression_stub_function_pointers.c,SAFE,compression_stub,function_pointers,1,1,1
SAFE/SAFE_1761801585_7746b3_parser_tokenizer_io_bound.c,SAFE,parser_tokenizer,io_bound,1,0,1
SAFE/SAFE_1761801627_762108_graph_algorithms_loop_variants.c,SAFE,graph_algorithms,loop_variants,2,1,1
SAFE/SAFE_1761801627_50e192_log_analyzer_modular_functions.c,SAFE,log_analyzer,modular_functions,3,0,1
SAFE/SAFE_1761801640_ff2909_parser_tokenizer_macros.c,SAFE,parser_tokenizer,macros,1,0,1
SAFE/SAFE_1761801651_c08b74_string_processing_struct_heavy.c,SAFE,string_processing,struct_heavy,2,1,1
SAFE/SAFE_1761801760_640460_string_processing_modular_functions.c,SAFE,string_processing,modular_functions,2,0,1
SAFE/SAFE_1761801792_95f554_string_processing_pointer_arithmetic.c,SAFE,string_processing,pointer_arithmetic,3,0,1
SAFE/SAFE_1761801951_21b989_state_machine_loop_variants.c,SAFE,state_machine,loop_variants,3,0,1
